Year,Rank_1,Rank_2,Rank_3,Rank_4,Rank_5,Rank_6,Rank_7,Rank_8,Rank_9,Rank_10
2007,Children and Obesity,Fitness Programs for Older Adults,Employing Certified Fitness Professionals,Functional Fitness Training,Core Training,Strength Training,Personal Training,Mind/Body Exercise,Exercise for Weight Loss,Outcome Measurements
2008,Employing Certified Fitness Professionals,Children and Obesity,Personal Training,Strength Training,Core Training,Fitness Programs for Older Adults,Pilates,Functional Fitness Training,Stability Ball,Yoga
2009,Employing Certified Fitness Professionals,Children and Obesity,Personal Training,Strength Training,Core Training,Fitness Programs for Older Adults,Pilates,Stability Ball,Sport-Specific Training,Balance Training
2010,Employing Certified Fitness Professionals,Strength Training,Children and Obesity,Personal Training,Core Training,Fitness Programs for Older Adults,Functional Fitness Training,Sport-Specific Training,Pilates,Group Training
2011,Employing Certified Fitness Professionals,Fitness Programs for Older Adults,Strength Training,Children and Obesity,Personal Training,Core Training,Exercise for Weight Loss,Boot Camp,Functional Fitness Training,Physician Referrals
2012,Employing Certified Fitness Professionals,Strength Training,Fitness Programs for Older Adults,Exercise for Weight Loss,Children and Obesity,Personal Training,Core Training,Group Training,Zumba and Other Dance Workouts,Functional Fitness Training
2013,Employing Certified Fitness Professionals,Strength Training,Body Weight Training,Children and Obesity,Exercise for Weight Loss,Fitness Programs for Older Adults,Personal Training,Functional Fitness Training,Core Training,Group Training
2014,High Intensity Interval Training (Hiit),Body Weight Training,Employing Certified Fitness Professionals,Strength Training,Exercise for Weight Loss,Personal Training,Fitness Programs for Older Adults,Functional Fitness Training,Group Training,Yoga
2015,Body Weight Training,High Intensity Interval Training (Hiit),Employing Certified Fitness Professionals,Strength Training,Personal Training,Exercise for Weight Loss,Yoga,Fitness Programs for Older Adults,Functional Fitness Training,Group Training
2016,Wearable Technology,Body Weight Training,High Intensity Interval Training (Hiit),Strength Training,Employing Certified Fitness Professionals,Personal Training,Functional Fitness Training,Fitness Programs for Older Adults,Exercise for Weight Loss,Yoga
2017,Wearable Technology,Body Weight Training,High Intensity Interval Training (Hiit),Employing Certified Fitness Professionals,Strength Training,Group Training,Exercise is Medicine,Yoga,Personal Training,Exercise for Weight Loss
2018,High Intensity Interval Training (Hiit),Group Training,Wearable Technology,Body Weight Training,Strength Training,Employing Certified Fitness Professionals,Yoga,Personal Training,Fitness Programs for Older Adults,Functional Fitness Training
2019,Wearable Technology,Group Training,High Intensity Interval Training (Hiit),Fitness Programs for Older Adults,Body Weight Training,Employing Certified Fitness Professionals,Yoga,Personal Training,Functional Fitness Training,Exercise is Medicine
2020,Wearable Technology,High Intensity Interval Training (Hiit),Group Training,Strength Training with Free Weights,Personal Training,Exercise is Medicine,Body Weight Training,Fitness Programs for Older Adults,Health/Wellness Coaching,Employing Certified Fitness Professionals
2021,Online Live and on-Demand Exercise Classes,Wearable Technology,Body Weight Training,Outdoor Activities,High Intensity Interval Training (Hiit),Virtual Training,Exercise is Medicine,Strength Training with Free Weights,Fitness Programs for Older Adults,Personal Training
2022,Wearable Technology,Home Exercise Gyms,Outdoor Activities,Strength Training with Free Weights,Exercise for Weight Loss,Personal Training,High Intensity Interval Training (Hiit),Body Weight Training,Online Live and on-Demand Exercise Classes,Health/Wellness Coaching
2023,Wearable Technology,Strength Training with Free Weights,Body Weight Training,Fitness Programs for Older Adults,Functional Fitness Training,Outdoor Activities,High Intensity Interval Training (Hiit),Exercise for Weight Loss,Employing Certified Fitness Professionals,Personal Training
